EPIC.Methylation.ID	cg06052183	cg11764177	cg13870102	cg07354371	cg16391955	cg23097402	cg13066016	cg25339566	cg21224778	cg00119186	cg23689219	cg17716724	cg22699026	cg02643468	cg04181892	cg10484238	cg08621447	cg09287629	cg15111330	cg24180723	cg17350544	cg05844832	cg25010415	cg07784084	cg09696159	cg08474859	cg13766491	cg05267273	cg09385711	cg18691800	cg26262232	cg21636432	cg26065232	cg10900777	cg04449507	cg12005824	cg10762652	cg04371336	cg05856896	cg27215475	cg08661741	cg12353688	cg09507782	cg12833207	cg19430577	cg03854650	cg11271605	cg06301976	cg17765553	cg02125259	cg22039340	cg09967604	cg24008884	cg12485926	cg12486762	cg03083173	cg12017221	cg25202229	cg03770575	cg04669574	cg22459531	cg11009362	cg20282636	cg27463181	cg16089792	cg26361286	cg05787811	cg18704037	cg09754550	cg07737175	cg18261657	cg03555730	cg24862300	cg02160530	cg10329393	cg24663798	cg16165797	cg03568039	cg00526273	cg05492975	cg07586760
202835130091_R03C01	1.58621849413849	-3.5477425818913	-2.53320902864781	-3.48318737324362	-4.27784721212377	-0.537957099081822	-2.51026979676886	-5.65730741703033	-1.0902548150405	0.438884460851073	-0.04864972516369	1.61463456979362	-3.5099182774621	0.798552633057124	-2.99312995218046	0.689745536482971	-4.969403229766	-2.51465814306613	3.63516180995981	2.71848968224191	2.61399614749444	2.84688182480994	2.28361662122714	1.3713356966765	-2.57362015716029	-3.4812135619056	2.93369005616445	0.778995286098068	0.714418677727538	-1.45731780599741	-4.99476483191934	-3.95904027261106	0.872998795045221	1.1605492888323	-4.85665306013549	-5.72698635410897	2.13533725189739	2.4378083618025	1.35024458792678	2.36488864772542	3.32721888897937	-3.36128260295121	0.304427709656429	-6.74429259459646	-5.34626687626058	-4.52624689625522	-5.15496961187434	0.977593979178228	2.59164255634092	2.24034263186557	0.00277027205465252	2.47637736979461	-5.44479377949988	1.09095871532279	0.947733101753374	2.97372795073165	3.00536447544922	2.07348378728112	3.02125683604484	-3.67828081701241	-0.406356517892313	-2.30851714828476	0.644349003254614	2.66944442743958	1.47909237410315	-3.05880171954741	1.15545204401468	2.39002406716362	2.57423420883045	2.26640674790582	0.599224041033417	-4.8182972568475	2.58682176034411	-4.19351643475529	3.18778231905444	0.35075052991055	-1.40116710961653	2.8918413609645	2.767118182641	2.686264031973	0.524337699754852
202835130091_R04C01	2.75944554008951	-3.31610921855509	-3.22538753020423	-3.17256190493605	-4.95283505768085	-4.67641345884575	-3.7256351719161	-5.51850507078468	-1.52249078061436	0.487797044200873	-1.23522454653347	0.0271884199881679	-3.35583897645652	0.257335262732307	-2.63378818937385	-0.52812551155274	-5.28690661655803	-2.37241463016555	0.38210257843456	1.33305608532718	1.83118807287559	0.899321434678112	1.24890096985916	-1.61934733897054	-0.1326809163774	-2.3297973008259	0.58802802759699	-0.925907066775882	-0.102116548384969	-1.56432675953623	-4.77241532746329	-3.77288913371923	0.478508952266254	1.11384309849236	-4.99535347951893	-5.78022019914744	0.141819944289516	-0.574650676789638	0.117542019122383	1.57206891373077	3.35229463638875	-3.76768160446404	0.690811363324917	-2.60943311289765	-4.8426930427824	-3.68946208030434	-3.22455074104159	-0.257335001478431	0.180023708158656	0.127660782010349	-1.45844462179762	-1.45850833616358	-1.12974134089232	1.20108861180317	-0.64855079936057	-0.26959016864292	-1.50601224159551	-1.31316440429502	-0.760718481866514	-3.4856052604206	-1.45005703401968	-0.939807816529595	-0.716132752970759	1.00257690272989	1.38508900318519	-3.71691601075174	-1.50890715263649	-0.194037005421026	0.219163205358011	-0.851427764512598	-0.0079681733843977	-4.99458353394869	1.50886536444662	-4.4572778127162	-1.46654845470648	0.301780815112261	-3.81992936773107	-0.0561176538444818	0.518139263186044	-0.515220364795644	-0.361708481975608
202835130091_R05C01	-2.69313926651514	1.5206997986481	0.735478518632634	2.75332521261751	2.80066441017003	4.06359140727476	1.42947282254086	3.25598209309078	-3.32557980527838	-2.51528145210596	-4.04833148074936	-2.07602496910034	2.2794073408392	-3.34506115068284	2.26916957986329	-3.24088563747455	1.2930710931397	1.75730818713364	0.417111603191582	1.01850335235757	-1.02898616371478	-2.64718206236671	-3.25156643145362	-2.88198638874241	2.23193532335271	0.579156359782144	-1.47199963841536	-1.02353001642468	-2.82755011625497	4.40910771368833	-0.463195945317249	2.6017238534587	-3.16949575711082	-2.90156310088857	2.77698690775501	2.20981111831747	-2.04889051440178	-3.00115772135803	-1.83497571794688	-3.44742216237033	-0.280397743732487	3.2060480036613	-2.82777629196179	1.79860802666203	2.53395256629885	1.4927929641119	2.37277309512288	-3.54865790914421	-2.53150668847011	-3.52503631234233	-3.33560304026914	-2.82272846974386	2.68030923869299	-3.20690089900306	-1.34853910913484	-3.80344539373005	-4.79335443716131	-2.76448552520213	-1.22499979565306	2.17939983466902	-3.09834231172971	1.37514126315819	-3.30757629804024	-1.38680372307897	-3.65134271916211	2.56125870364089	-3.91612391611071	-2.37836130892419	-2.07510357611581	-2.3467890675792	-1.8519149313807	3.11647826551703	-2.49748482480948	2.27738940187992	-3.08250792341397	-1.23655257232736	1.98303437462252	-2.66287742860755	-1.24448878010598	-2.95856135684553	-2.76146483043749
202835130091_R06C01	3.45322543200958	-3.35257801199145	-2.70098827001569	-2.30668218144206	-4.30037573572701	-3.82664522313595	-3.51021855168318	-5.01373891367819	1.25063453162314	3.09466238709456	2.43759826040443	2.79677217901647	-3.96863092512665	1.10682607533185	-1.99351410550629	2.33829615691342	-4.42975577800624	-1.48489554341713	3.64025401443352	3.32846808233689	2.94674137053221	2.86860552712421	3.28289040192831	0.930625559496444	-0.747940681468156	-3.10895634551359	1.68406850093273	1.46524205897268	1.9855581194	-1.69921374587536	-5.14418924813441	-3.53104552200272	3.12278579740733	2.15345453656784	-4.82692557269285	-5.88014956833869	2.92545422953152	2.2919147888678	1.89312612916661	2.40490592672814	3.46468447190852	-3.36123502406354	2.43290808710644	-5.43597941087098	-5.25911102922024	-4.11736497961034	-3.8945046047571	2.0101360473791	2.58994127440259	2.45138637677909	0.251023356238587	2.19849296862487	-4.88281132692958	2.52370316707408	1.71109852187872	2.3361057750304	2.68008792081441	1.38959426079135	2.37882742033341	-3.03103022248111	0.528248293923258	-3.22898772396821	0.476921125247781	1.91008189880453	2.26107200544564	-2.47664262583252	1.06666260825108	1.01664769396724	0.547496247945222	1.65447606289303	2.04908336788895	-4.21443861475842	1.79628155558037	-3.41638816555697	1.52688989970214	3.30776716691809	-1.10868909035376	2.52715258528725	2.49094362008186	1.38324723422391	0.732152208129234
202835130091_R07C01	3.26164596346967	-3.72482853746225	-3.27246273512561	-3.39510875032436	-5.60822005936043	-3.97813584902081	-3.60571072074091	-5.63651561802422	1.13153757820946	1.19292838092402	0.438800837500567	2.94910651367994	-4.01025554783702	1.39156865352513	-2.41768007745466	1.36861611106426	-5.4100457902633	-2.69825840302108	2.0788561707955	2.81525123801041	2.99758798973824	3.02828204391097	3.16987417022482	0.943423573543173	-0.407928445878474	-3.44533202471762	3.35833839061714	0.811735657011861	2.26499895551351	-1.55184268986635	-5.49079745272349	-3.39861109265415	1.41028009346465	3.14133755479072	-4.91549581309204	-5.61054205734299	1.58458300072467	0.270438989269589	1.7939288918377	2.51419527176099	3.58159444878036	-3.99743942341818	1.93531920110456	-6.49048524862938	-5.61043419090372	-4.67665364387285	-4.49376604072585	2.13873344129883	2.28677859500188	2.40849172110889	-0.154345170652303	1.18192316082096	-5.06834823724283	2.8942905477197	0.649491358889646	2.70340133374838	-0.213582931600233	0.258499209892922	2.46222050061337	-3.37943756367081	0.537693884063154	-3.59662221541956	0.700420477483724	0.615219515177195	2.5575593740025	-2.67522731505506	1.04116285039615	2.91643689588288	2.49570297298778	0.14847382281839	1.50572332290107	-4.81723255827653	2.42555685143785	-3.95893167626971	2.31828884240869	0.655074319133705	-4.40217785337155	2.159133794638	1.89052280975624	0.926650665007293	0.192502231805008
202835130091_R08C01	3.23369758001284	-3.23043125441293	-2.92076418708458	-3.70016294565911	-3.90661726587237	-3.7104354456065	-3.34030769444178	-5.87596301875745	0.292509666005007	2.05074196219319	-0.268781798677867	1.171305991958	-4.1390689324836	0.67896435613222	-2.43598727041967	0.751248857813134	-4.64913037168083	-0.904782727709861	2.3075839608276	2.55194529940889	2.67683361048429	2.49972005181339	1.74490733267476	1.75577036960495	-3.59543918308141	-3.22128717375816	2.55329529322646	1.17761577962689	0.653366843267641	-1.25563276514052	-4.78290849423872	-4.12784151552088	2.83991364509379	2.76492247411142	-4.5388488405799	-5.54657848140693	2.55954537127409	1.38091997733317	1.74947172866957	2.17541774838888	2.13266002028355	-3.52038169614337	2.15745573319945	-6.71437600249497	-5.61709146319304	-4.46319945325652	-5.22122407940162	1.73446974306043	1.67632034684799	0.80886680907145	0.190002781562177	2.57675188262192	-4.20340183628491	2.34607679110447	1.79662523514492	2.85926361963089	2.56905728546181	0.447415924166987	1.91284655229255	-3.76965905780968	-0.400778589861773	-3.99804911620528	0.734815405978208	1.89415145364666	2.83800004044636	-3.94180225294052	-0.0196893215612051	2.52480661117477	2.10221823722174	0.898948668225865	1.45570336263574	-4.86497261829308	1.48435624287915	-3.76600338493978	2.35745191662273	2.80138621281084	-3.80443704741648	1.70116536419984	1.45830994311641	0.483447825461914	0.127264733214228
202835220034_R01C01	1.89733612558162	-2.85452766242931	-2.76347985900504	-1.99957302002505	-3.04071224751449	-4.07823980238632	-2.8392648501576	-5.20206139359282	-1.63614444590795	-0.0762882451632546	1.3150572861707	2.78850070040635	-1.44414340069461	-1.20405249888173	-1.61442322432868	0.674157838277028	-3.04474623364368	-0.695352085315831	3.57115016825868	2.67783797144137	3.14623913963506	-0.8432404377656	-0.0565268798927188	-1.05960508491593	-0.42170559637562	-2.01170138908546	2.1633011479896	-0.408527179014467	0.406848464441505	-1.15953617705658	-4.17471540285052	-3.60965494102952	-0.97712307082988	0.668244495568835	-4.67901902501264	-5.52773165980172	2.26486482132872	0.385694118024187	2.34303659105138	2.34499375372169	3.33140218870632	-2.54709089770084	-0.534858502771519	-6.292279744259	-5.32398775320025	-4.00636918731616	-3.84887156290533	-0.28034382353001	1.73070624400562	2.0953267566421	-1.63861602979582	-0.853903217980122	-1.20346450936908	-1.19641472098442	0.191134446047301	2.20029896537398	0.814373841117412	1.68604907477006	-1.1401303291703	-4.19500237473106	-1.24651061256214	-1.87321760791158	2.21939621055095	2.8603287237794	0.0146694502721384	-0.568975018535372	-0.196980041040592	-1.2282083186715	0.136208119520405	-0.676251904664733	-0.115131182672708	-4.31055258411548	2.46875201432174	-3.52693626212865	-1.06720349688661	0.19700924418559	-3.57657168139711	-0.0639501328621065	0.3690267906208	-1.30536010733177	-0.753080975539643
202835220034_R02C01	3.07783408091788	-3.66329708353586	-3.2539611760018	-1.48007261591981	-3.19321203890057	-1.80472124232699	-3.28428115481955	-5.29637405174614	-0.84830462607822	1.56027760237344	0.366845461272533	0.768797607050309	-3.57513909724833	0.843803832704945	-2.7449164372628	-0.0613485661799178	-4.97790331648972	-2.52118556918499	2.90726389506695	3.04785180438345	2.55208052326117	2.3634989994443	0.721834011571313	0.978660059923661	-2.96375965529354	-3.52814934802089	2.10459873676743	0.83925277008615	1.12230545067597	-1.27942120047314	-4.98076335846679	0.182794013732035	2.32399209250759	2.53940518728254	-4.30444577820423	-5.64640870699439	2.12214993655106	1.26077736517708	1.42467117623074	1.1581744959338	3.70215495090766	-4.24725224439246	1.1064293772762	-6.12442698290414	-5.41096611016708	-4.40174913791518	-3.96885290822373	1.26423848073179	1.73173389439692	1.5713571344278	0.958780981449243	2.32256572038556	-5.23488445581955	2.47700771825892	-0.59966688033804	1.62617042856032	1.09507456567376	0.0642332080224303	1.24703827789181	-1.52490711974102	0.475809596719436	-3.05945377405053	-0.309940042624601	2.02756994233799	1.70980876428162	-4.5056430366061	0.0724023229172982	2.55264418025896	1.84813624626622	0.745057066001203	0.628852464711805	-4.7365849949799	1.83893747397412	-0.337216851192849	2.45636710292223	1.98582766868898	-4.10881914322031	0.941806500740939	1.52323693411416	-0.189321258402965	0.53387342808489
202835220034_R03C01	3.04573029501617	-3.39754663614426	-2.74886184429019	-3.11876637640595	-5.14963614042659	-3.74741848806672	-3.86460651041991	-5.52590218935245	0.995941538612847	3.0472688796387	2.98577379335314	2.28087819940092	-3.35204567033285	1.79792114092775	-2.33319187133771	1.34440537894365	-4.31376095939501	-1.93467076776627	3.53078114884738	3.02637461946232	2.91695866841907	2.52901982532877	2.81675058444805	2.00531712387706	-1.97627080525104	-3.22863869096199	2.78824693589184	1.19827459965696	1.6665370949867	-1.32412667494926	-4.10835933847244	-3.43829374955527	2.76725825808709	2.64405562031885	-4.25085725252654	-5.25458843185518	2.48092355282765	2.35116852138277	2.1659447533861	2.25573985972845	3.4009023407045	-3.39005630458776	1.96811729488986	-6.61641442654259	-5.45356577268801	-4.80582922169768	-3.60764619560851	2.43797095854949	2.49509916210211	2.43267830585157	-0.582151084585775	1.95975425153182	-4.51775184238778	3.07774127550259	2.2494850775328	2.51076566702476	1.73659957967386	1.07926487247515	2.78448205693372	-3.62406479594069	-0.950693190730337	-1.2081889172925	0.308015576513898	2.43530499347602	3.16304251287815	-2.57800703995017	1.51674475662321	2.66839503347228	1.94874159421904	1.6851195756542	2.60856996765873	-4.81909349324741	2.37068473503923	-4.35901589924161	2.45230379283017	3.01343066400233	-3.23162903800455	2.58948657728909	2.69603357584624	2.78252876114754	0.922160576986612
202835220034_R04C01	2.80956279202225	-2.17288447217095	-0.896626856443583	-1.40764269933293	-1.95876554545605	-2.13538779986763	-2.74825862614608	-3.9412360582039	-0.288844664195184	1.97737850035919	1.73581938153885	2.56756170158484	-1.67376497003894	0.711951303268191	-1.42792947717912	1.9909222394548	-3.69994880579336	-1.86204547567769	3.2414477975108	3.33224562719182	2.78112047479927	1.79613552972022	2.25822860788351	0.298906573138675	-2.28017216968362	-1.84828846781198	2.56516284492572	0.57038304272155	0.0562034582294755	-0.598783518217976	-2.03956486523408	-0.739392368747164	1.1637580504406	2.67321736264572	-4.0854485980972	-5.2106099086739	2.46373949010559	1.0928080525171	2.2979508235355	1.70443095763176	3.5391521618021	-3.45502706059799	0.681302153287842	-1.26148923803517	-4.39246115397055	-2.34205665787963	-2.25062311665289	2.88955658984648	1.19296797871368	2.15111770115203	0.0258081183723265	0.95888284115574	-0.691213008689346	3.2384961519296	0.354264485360812	1.87124641848119	1.5366984577959	1.41147307853545	0.53181645194471	-2.11688487784126	0.479985060024197	-0.820704283711762	0.350840553168954	2.16702512920902	0.572253555077471	0.682772168672357	0.968605476550083	1.33179784479926	2.16815720489217	0.367179192553464	0.566027499381722	-2.38625826379771	2.11388060622389	-3.64105602809839	1.79594837019211	2.49814305860485	-1.00721553976292	0.74554757190092	2.35395538242213	-0.348556633573868	-1.08124637057455
202835220034_R05C01	1.23362990326258	-0.661394606182048	-0.497006740072391	3.15344868080686	-1.46540939934002	3.15986890474256	-0.564515776829401	-0.474647707857727	-2.89006043322394	-0.426890330404906	-3.80106591597644	-0.141474492541019	-0.57771415566685	-0.991414918431477	2.42129188954802	-1.77317316798381	0.74614880132161	1.79576327972612	1.12516964224451	1.81464393386123	0.917943607173287	0.418884149106224	-0.283421864141817	-1.98110349383727	1.10414493983686	-0.19151320018319	0.457225543731479	0.257369820497171	-1.07023371642347	4.11213307349942	-1.58215973485082	2.85851946996261	0.244385433715846	-0.396107770430976	0.435912354514661	0.812845182555216	1.35013938471017	-0.354962855859917	0.143421691637604	0.300359087102317	1.85157222661806	0.874622329241516	-0.228433641776696	0.475591486511874	0.583184146822129	0.33479789976335	1.23665159108941	-0.223630831144731	0.134317890149979	-0.114500499255687	-1.508076863323	-1.10774868961539	1.93163497506552	-2.47925295165703	-1.21390995271664	-0.973655443885927	-0.288998260780325	-2.50340913351818	-1.40784979004999	0.792695982167324	-1.29276739292253	0.0582463124975817	-1.59153277122436	0.189459568006011	-0.0654828330041076	2.23515929018329	-1.33259207526508	-0.77669775502673	-0.854770948397669	-1.07950593249509	-0.0540953427855816	-0.496221649959833	0.773772648216421	2.29172710076905	-1.94265228956522	-0.453825678091811	0.559259124867787	-1.73222625690564	0.883599664520704	-1.47770887799109	-2.04279215358883
202835220034_R06C01	2.0685484669416	-3.52209408531443	-3.40624317805404	-3.72289927599555	-5.07660603407583	-4.36630817877104	-3.49926136221037	-5.14652247888807	1.54550266114916	1.23718557901902	0.949258020067142	0.832275496866801	-3.59584739135733	1.51566358456837	-2.77349204074492	1.25264841912792	-5.40378904916199	-3.93773466512514	3.77180146430239	3.85474247795144	2.98336859068046	2.36128733330486	2.85561094772299	1.28925253227013	-2.71409949539734	-3.70806110902932	2.5670690272212	0.941137174003655	2.37905918952631	-1.59149885245813	-5.08103316636143	-3.896439785535	2.93925067293968	2.76311608345939	-4.69575499994059	-5.64491139056633	2.69277611843214	2.18367283684349	2.44455865992593	0.891798234147508	3.51288918619271	-3.97146194883308	0.525355032395924	-6.28248098833121	-5.52170028304373	-4.34922037282508	-4.35078708428911	3.22494499718386	2.54104561225499	2.17934655491702	1.64736870502906	2.83767726550526	-5.34454794153711	2.29205917585433	0.864368164377777	2.19954094446628	0.0621787563443214	1.4443108156438	0.0851705382476358	-3.55289714295655	1.57586434166555	-0.983501009530754	2.31472932657067	1.92005030645399	3.1256846376372	-3.29355765536761	-0.483098909558932	1.02052963151667	2.474582358119	1.70554571893903	1.64554064513857	-5.08580416679038	2.86603836720191	-0.46448712502168	2.18033890950989	0.250827242790306	-3.72829872835026	2.02349276785909	1.69246451220127	0.858056866655114	0.0547888176547918
202835220034_R07C01	1.1151472048621	-2.15757719817194	-2.40302432954102	-2.15719137966917	-2.65711139334275	-2.68501023174035	-2.64175712617591	-3.02336206938348	-0.0228778289648459	-0.854754766568342	-0.0871848765324384	-0.353740341175636	-2.15662540414411	-0.0785327421262753	-1.70453672871491	0.450817703442736	-4.47593510460098	-2.32586165784041	3.02348463055229	2.13756230618042	2.36268551603941	1.85881025285502	1.10936736482522	-0.504129332267686	0.0574655728989154	-1.22273367041121	1.58937196664419	0.234847121678149	-0.0105116069010051	-0.113988077995641	-4.80272739022307	-0.73997310728229	2.09731847735733	2.52719094099886	-3.73776589565026	-4.72532674924848	1.26025099170135	1.58848685934715	0.370275383944796	0.388772482032525	3.27463970051466	-1.76431452500596	-0.243502358018701	-2.25374699064965	-5.13323931252963	-2.45106013086816	-2.65387067473172	0.262491911843179	0.464208244933719	0.276112304451911	0.330158266458193	2.60848662753632	-3.58346459589468	0.910521691829343	-0.733490142741369	0.654924993353623	0.760897564384552	-0.64704852267962	0.712812447057618	-2.21054568252739	0.16391057113297	-1.3101871167745	-0.738616876491757	1.79438483932513	1.41079273357127	-3.07314045000557	-0.189777751059981	2.26306507722142	-0.410480431673377	0.22332785902989	-0.0928715715569435	-3.46519277251265	0.325786392318095	-1.42560414492411	0.0513755064247921	1.05756320917704	-3.04766374092416	-0.897136356139909	0.289243154244452	-0.780256650947819	0.0410995214686726
202835220034_R08C01	3.11444218379928	-3.42585880939267	-1.89755819439608	-2.52804048624734	-4.39889383676617	-2.49750984737324	-4.09534758706277	-5.53939676303771	1.7912265571678	3.1880404971488	1.89781353208165	3.17076973199558	-3.79002850955645	1.56937354836922	-1.53709983265922	2.3006008877171	-5.04425767237292	-2.51179559032345	3.54647264538907	2.31441364968944	1.96725363028211	1.15313387294245	2.67154890532492	2.26184645339722	-2.20771855129658	-0.752992306736294	1.45403819369931	0.914834170015814	2.54629025752124	-1.21945284376635	-4.73837246804198	-1.86555638305943	2.70529800216658	2.78155884578161	-4.25524937521824	-5.37431729803963	2.30008577771894	2.75355985350396	2.4205441523098	2.241873244674	3.26470310264941	-3.42489932484223	2.22841169565933	-6.41183657756199	-5.33151196117178	-4.17204096945688	-4.35755482500996	2.51228396049612	2.67016216341652	2.70025355303257	1.18133403274993	2.02411859121545	-2.1501931788032	3.50563721821952	2.26664654919633	2.36767695064178	2.19908863162762	0.525218808987849	3.28757661609284	-3.74842443098738	1.57391182357639	-3.09874301842853	1.55140942383054	2.87294417845692	3.67237666582086	-1.49544710032528	2.48534249072943	2.78044354052992	1.90067517850458	1.36103445035583	2.82592507986054	-4.52312184884839	2.16077094486468	-3.52409753214062	2.24892240054767	1.65508097795863	-2.49533070488602	2.82729902229376	2.65371313793613	1.2130456793126	0.186404595876529
202835220036_R01C01	2.8903186957441	-3.40265050070128	-3.63142071703557	-3.35803059885076	-4.91400612274606	-2.37552066627924	-3.36455989358189	-5.43426079015624	-0.998405744004989	2.55814632723331	0.619093303258528	0.912720660051364	-4.04549972217461	1.68932135918539	-0.454690437225562	1.16377433501586	-4.36680802532053	-3.03457650453059	3.54904873157974	3.44080302885433	2.40361761231484	1.68066288998911	2.0321503405789	2.31601511789106	-2.47855255646096	-3.52009391732869	3.17349546147314	1.20718477539535	1.92221538244193	-1.20837350225484	-4.25573568276938	-2.47475395666729	1.7462434336026	2.70429044828364	-4.4082817992422	-4.94740248413636	2.00499065974104	2.56853330708513	2.2469049212717	1.67046872935754	3.47070564555447	-4.12640005069096	-0.153169225412321	-5.98055540548927	-5.04582741150697	-4.48954761203186	-4.27156884535351	2.80404604584564	1.37653436543702	1.30614675173663	0.51630025847179	2.45265342313333	-5.21030808503863	2.57137908948484	0.78818593014735	2.30218601489725	2.70212701302952	1.28161508392048	2.62902506444143	-3.86418579625684	1.1595878111573	-4.19445698972969	0.805041389727208	2.69677365652593	3.26056067279632	-0.92849472824035	1.03538774812964	1.6690805647676	2.54300312080007	0.922997979529902	1.68654327309394	-5.10892630728092	2.09213284818746	-4.21329778011068	0.923500777772924	2.93076766768318	-3.94729972012815	3.07768557516234	2.14907329411703	0.257952905858695	0.105571204464212
202835220036_R02C01	2.96605979560242	-3.50083720963728	-3.15324137638108	-3.25536021187938	-4.8601199257788	-3.50361784075787	-3.80529330676822	-5.34904210787548	0.692894818560883	2.09647642522999	2.54732173069767	1.77080133960558	-4.29989089603514	0.0911090756416317	-2.51792355726242	1.65693507973385	-4.7598760343283	-1.63440827830678	1.39946654190544	2.90663698865134	2.68251882467767	2.3937306999215	2.73104960584538	1.54604725849301	-0.30233968931252	-2.41250558937437	2.45211264484541	1.10457460887182	0.555558057869941	-1.54585129218825	-4.63338770895533	-3.41433171477652	2.8802179691035	3.03748155166019	-4.79017169134163	-5.4527468021637	2.19323830691796	3.06056228328823	2.15114129595649	2.46642593477288	3.58879068044449	-3.34537211055165	1.77638953894577	-1.82086735890511	-5.17129100731983	-4.50835233628945	-4.3003875621679	2.52416828862675	1.50108858014454	2.28643723062624	0.329457539720089	1.72227986608727	-4.85817518879475	2.6255941199506	0.597221091410473	2.46002144952356	1.55890377794008	1.20509054009938	3.01262294915147	-3.34034912072361	0.560720953451634	-2.20293119942966	1.00206920639967	2.29649281838805	0.966586352251192	-3.8227542852893	0.591703193083556	0.853890423624529	1.68181648003967	1.72128721722605	1.40899929521413	-4.64066612829693	2.66406707611417	-0.301418262580111	0.6845764808376	1.83383448113632	-2.40669146834154	1.52463596228295	2.37912866159604	0.876669495798471	0.838327010393259
202835220036_R03C01	3.12061903299444	-3.94772296560734	-3.44829048805328	-3.5802094739513	-5.44786931389026	-4.05145794542286	-3.01455701958521	-5.29573614298911	0.505674981018599	2.09333325367118	1.40897908970354	2.46216011253035	-1.60067535581213	-0.181962958544549	-2.98364821171911	0.276094093154466	-5.21547017805613	-4.0182833620859	3.28850756652579	2.91587198961595	2.55876276185835	0.608201848190538	0.95905915575428	1.33988840636616	-0.559045694693482	-3.69149396224368	2.69274870665755	1.24792020316333	1.53720664433827	-1.3344530916277	-4.47789741922557	-4.22567028272037	2.6147146516094	2.6416303488601	-4.85601700675139	-5.394112166389	2.43847164204062	3.2998502763919	2.10974225487434	2.11382587072679	3.23280300464002	-4.00357612650906	1.73140982685599	-6.8055324363397	-5.35276698793248	-4.39640269628588	-4.99684144716743	2.05437850670315	1.31634448584542	2.61295754958224	0.0524680588346829	2.18815747001309	-5.21455259015578	0.0995438733337407	0.154350033731605	1.15658157564172	2.03072863275619	-0.179131739623558	1.12074927708911	-3.99378259022125	0.535836476021159	-3.66121545131206	0.315315381850352	1.19365160291534	-0.100577237687531	-2.03871570307297	-0.490697292306087	2.69130493987279	1.41622228328844	-0.0341558359389618	0.499655953673663	-3.3142000624928	1.53840836895944	-4.36641609679799	0.293007053585451	1.67367793773404	-4.01778924221932	2.75403229675585	0.892105583595153	0.195307160999482	-0.967102506556881
202835220036_R04C01	2.88630709791298	-3.75198422883493	-3.41817259449086	-2.52263511728144	-5.34249338414986	-3.98508257313961	-2.80245066819773	-4.71266724631986	1.63686999237861	3.00228973214156	2.73761755285338	3.35831018814653	-3.12142132603828	3.09567693695037	-0.303083295690917	2.18835327764367	-4.69138826057457	-2.3761740658271	3.62155105490934	3.68669485691766	2.65093473225044	2.35069931450717	2.75847613880043	2.49234606468693	-0.943454095824717	-3.70504743201248	3.48453230911196	1.45280395311319	2.45974670578478	-0.854671975272865	-3.95316968908198	-2.84860042908935	1.63488313864213	2.68629096831562	-4.48477601173513	-4.76025201648404	2.16811563722129	2.42919840937737	2.64578654963939	2.04937044653697	2.98708056127878	-3.3816853939409	0.730394856708196	-5.43564344329853	-5.0562565973041	-4.19334015687542	-3.56344928115557	1.96964371696733	2.58405553982929	2.44028489230864	1.38180264064214	2.22384237918664	-4.60714762575221	3.01306969848481	2.14510832906205	2.50091554793907	2.47913792523179	2.12582219637895	3.28103326162105	-2.71163756895997	1.39269553022859	-2.38227998596607	2.04582190426905	3.0378750191096	3.7085327020024	-0.951040692720113	1.76771034089187	2.28843234770769	1.2215231644127	2.43964468898159	2.57187099535852	-4.42497115009994	1.15344030997684	-1.8800860665326	2.47900838829671	3.28088295706208	-3.3230376616957	3.50150279394979	3.52885833859025	2.47831537143621	1.40461525093079
202835220036_R05C01	2.58027718170884	-3.12847987897751	-1.85975830385907	-3.83243602197582	-2.57878217137402	-4.41592082427634	-3.96039204457357	-5.36000307921372	-1.00138251936875	1.91851225666359	0.26544245330366	0.533508844072142	-4.07992370643873	-0.117266228347716	-3.41280304915244	0.915041612984463	-5.25844579945944	-2.81022629173741	3.45331547889114	3.41798039593777	2.70114195761673	1.72170548554774	1.76934828942317	-0.260133016152117	-1.27897743345172	-3.22887912735266	3.22604469821137	0.989651006753279	-0.592647292411276	-1.40985603840652	-3.07184195957176	-1.20595021956823	2.73144006016615	2.15463289514501	-4.5306956218739	-5.04267445298964	2.09061080506645	0.681564407607777	1.61047462280008	2.34850797071502	3.74573920295777	-4.09813673982735	0.216939795250952	-6.12709143201915	-5.52491373211219	-4.700099419596	-4.83099514075481	2.13519641414616	1.18748124413046	2.20746521541278	0.578743122950174	2.96002832530961	-4.49539886875107	0.644909830721985	0.899262064408362	2.40059176879783	2.58154193702754	-0.227366542432901	2.28802578727657	-3.26821626077038	-0.621207424454443	-0.947876932952726	-1.68034909287026	1.28741777465823	1.87562816983536	-4.34461864000279	0.183860350966985	0.668811170791846	1.99459232125505	0.386484565074463	0.0638024454961772	-4.12618003528791	1.20298486278911	-3.94733484635767	2.47904702324562	3.0276521490774	-3.60344848857055	0.742302792552068	2.10468126887853	2.44597942667169	-0.0312880964802104
202835220036_R06C01	3.10131772611404	-1.58568086481367	-3.44773578879237	-3.21525995454158	-5.06298226900144	-2.74452073932215	-3.51898083643891	-5.28921484183972	-0.325773036007276	2.65188570207016	1.49832465722707	2.19306919806303	-3.40028459665281	0.590678087778676	-0.110681947334821	1.50439673329803	-4.38853871219666	-1.56258808569147	3.55956830983259	3.20741245456006	2.84295211963094	2.08484694448615	2.19659799700096	0.970949820692057	-0.220848011387986	-3.06261651874155	2.02567227402575	1.13284653452162	1.4145500880883	-1.53987639528081	-4.28147320611066	-2.78648087502157	2.68921277912564	2.69127927768798	-4.49417479184155	-5.36098225873183	2.00668118240779	1.50168147518247	1.68641791256835	2.06105023633626	3.23039286841559	-2.20765498343166	0.660747014145219	-2.59369397610787	-5.29793763016628	-4.72749831049305	-4.56008494272505	2.21614684859559	2.09508936854151	2.2817915431055	-0.689052599831427	2.40039561863086	-2.64227707359957	1.792790804271	1.22490883199298	1.89854618121147	1.84477906050896	1.5357153517893	2.30674446398964	-4.00579012767658	0.271090376947447	-3.61757798403084	1.27851463418474	2.23370866001695	2.23559709677794	-2.37557184956284	-0.219001793850278	0.690613618284231	1.41444702298231	1.11927851258135	1.64452872810168	-4.48648896549669	2.56094680216112	-0.379996169259532	2.02390749303544	1.70618658186463	-3.55927307991038	1.67865709730968	1.59676975641693	2.07768645008344	0.762509631624972
202835220036_R07C01	-0.713269135026544	1.75748963897706	-0.130890667510591	3.07389028168504	3.22375780020377	4.43574263801055	2.11380336834672	4.1981436630148	-4.19623118068132	-3.37017097556981	-4.55067544746209	-2.87746850138458	2.33825837921909	-3.72709404492822	2.59833050994667	-3.03985712358283	2.08788136603404	2.7275234246336	-2.00012346139094	-2.75904664909251	-0.203030419116851	-3.25187289281381	-2.67238672892909	-4.00333110160117	2.98179620118646	2.49394889788499	-2.69512672107253	-3.13805224329952	-2.50261880502229	4.58558924068875	0.300889255361586	3.62649157513751	-3.56168981800684	-2.3194671362366	2.59160392622514	-1.28311891496803	-3.82466216880985	-3.70763928982692	-3.71820303359905	-3.62670554484577	-0.330445183161586	3.34592125607182	-2.97110505965656	1.93530500091945	2.38117238605651	1.81061951330336	2.36869328906148	-3.49951764228203	-3.10920339586196	-4.58803619874643	-2.83443717449371	-2.39278708748359	2.64145577883434	-3.92480287819106	-2.19812620605448	-2.77568998863971	-3.70290215555962	-2.62675063011404	-3.55277652387752	2.13512795127081	-2.96419184331327	1.87713144521962	-3.89536528203352	-1.67415595389832	-1.13518245682129	3.26452464211312	-4.31415492984642	-2.82459378793808	-2.50882771131741	-2.47790141097383	-2.33163226294724	2.07887212707413	-3.15902112227042	2.36439098338867	-3.89885561157761	-0.159260624964549	2.06215894629353	-2.09094491970495	-0.663357819856307	-3.5352087668342	-2.72884795158447
202835220036_R08C01	3.51963773597302	-3.23632411703699	-1.24478844822402	-3.32177396080433	-4.24794140418684	-0.554622729280223	-3.69212173760747	-5.33679469219715	0.33449712263472	3.15933028326319	2.82864367280586	1.08978373187085	-3.69326776513446	1.22100338681845	-2.75698300867239	1.99913932344052	-5.53263042809611	-3.35571863968674	3.79730630846473	3.52262940924304	2.79720148150099	2.27539570950501	2.09708379898265	2.9362468005862	-0.815619570143993	-3.10007523865254	3.30136429552744	1.15652458484496	0.734673484190765	-1.47544741002317	-2.86554109132358	-0.48100785437877	2.95898989050554	2.11540043576845	-5.02032407154731	-5.69711161290231	2.37153833411126	3.14112890188095	2.60920246419897	2.32068583574698	2.94265916618712	-4.40165175094329	2.38251296483502	-4.77004708437265	-5.4808236218945	-4.01946844335529	-3.50207846521188	2.78992527633158	2.62679211080297	2.75728080113358	1.6925979795004	2.99193209322268	-5.66657675201033	0.812527664866603	0.595859432287416	2.62530637233628	3.36982159232752	2.16449356451354	3.62666182388484	-4.76737231163029	0.686714598605766	-2.71150048691249	0.148135930865759	2.4272282438036	2.61204051638895	-0.0519636217066582	2.32100510478324	2.37980431065822	1.71303660592956	2.11743887522959	1.55286505766788	-4.76508331115617	2.14315184846789	-4.31485233020643	3.39990989055971	1.35455987358871	-4.242560495939	1.92783838945321	2.42163047944699	2.00407129606586	1.25672918040137
202835220051_R01C01	-3.0712250077373	1.46255512402442	-0.474012987476084	3.02623596572728	2.17275683578451	3.65530696650307	0.0817175059668049	2.82568611409953	-3.83786387132959	-2.90206545419292	-3.44613811591724	-2.26843167067031	1.94629831981404	-3.04151474992099	1.9740653286839	-3.35386302020054	0.840022679103844	1.67904826775193	-2.42635871797485	-2.2160004885225	-1.34857175113533	-2.64147811605914	-2.68234872938966	-3.52436077418708	1.58880955418073	2.10064444192544	-2.01703581483198	-2.63920115626363	-1.34401298894119	4.23408848381348	-1.65150184090721	0.855957824212781	-1.0806565583718	-1.65827257423929	2.45736367476542	-2.23552768750184	-1.55672958029338	-2.68025964127522	-2.98734674470353	-2.92339365542076	-0.735651578455863	3.04114292325448	-1.79971652811742	1.01421025170914	1.22835787487325	1.04714561181183	1.77306553315238	-2.52626114724283	-2.22564051004935	-2.92853083905907	-2.57666616002685	-2.42139881765688	2.12204414011004	-1.64982678323842	-1.21234635690985	-1.63912704266713	-2.6005638062394	-2.25999696548926	-2.08488668842527	1.53806280542614	-2.67717659968019	1.26582415947623	-3.27411631342353	-2.14720508322658	-2.69456879735879	0.857370640711393	-4.04673253555109	-2.77791177264493	-2.68484402191237	-2.06173627570678	-2.06875484668682	-1.19772284976013	-2.63043489255916	0.830066859168131	-3.07091762999979	-1.67279925837241	0.9385734098929	-3.35077075502222	-2.4144257666086	-3.22879212463622	-1.79140627013053
202835220051_R02C01	3.37277679214961	-3.25538677295788	-1.88136860007286	-2.90835287459711	-5.20171915155078	-1.9042696264096	-1.50311471191181	-5.41394322516968	0.337184328895794	2.40752850242717	0.482482189499571	0.783224596542127	-3.51727687930417	1.13494524400777	-2.27548424975173	2.05577089770036	-4.42909012601982	-2.04159201281744	3.78264974700222	3.48929803768885	2.84464900346303	2.43065864401521	2.62206456253716	1.39331688764963	-2.45943753117351	-0.374791628540569	2.79417222282627	0.913555296107452	1.76869419313672	-1.75628561472357	-4.9497274395432	-3.36960417605038	2.91485201567022	2.29161828026354	-4.76366740984602	-5.38512435863086	1.48911186294961	2.44715465867664	0.530870627156001	2.08946763860028	3.76270137188918	-0.866722985453877	2.12347380458906	-6.16166881924777	-5.45220618533458	-4.52807030066985	-4.43489160592375	0.34845395655737	1.61184598313725	0.930782313142164	0.860116813739053	2.33610960586218	-5.34312759685185	2.82919453622255	1.03177623404682	1.08607481163539	1.38717640768439	0.965477520587622	1.19576892975939	-3.89388220157957	1.24013010594512	-1.55701456804237	0.227592526653176	2.3340950748226	1.24478435800959	-4.03584854785715	-0.104593847402233	1.62165155521544	2.31546466064562	0.556448891585814	-0.143414024818955	-4.66524939308655	2.36497398837566	-4.22123242316531	1.19294107658656	2.26970345219476	-3.74337830154553	2.33051822600731	1.61114929136383	1.30956284781262	-0.774870575956064
202835220051_R04C01	3.07027047787991	-3.26971745279233	-3.33665334626429	-3.14900072927581	-4.01258960177375	-0.66512620616911	-3.71830913711282	-5.29809820952473	-0.293362133660644	1.17466594205915	0.809798396336907	1.02240467474071	-4.1751150595638	0.18364413126647	-1.75225059679193	1.26649761532055	-4.98143979738979	-4.39223004591599	2.0945259772713	2.23139786320009	2.29088858482218	1.8046293861978	1.24910226130724	0.845426974730521	-0.480639635008354	-3.15721820525207	1.22829949991397	0.871269824566223	-0.881851791699399	-1.23470059392002	-4.81311186973149	-2.96182844464897	1.92880727267983	2.4119998765426	-4.25043408185739	-5.49693508171885	2.00152391594093	1.59852184421114	1.17376327316572	2.10778885317393	3.5264982327815	-2.04999156247156	0.585345395882173	-6.11852915078592	-5.25589821540022	-4.38970636053309	-4.50178974738856	1.45790802216807	2.10853498230594	1.91861188711588	-0.154769440405188	0.683322967395812	-5.18257794167059	1.55449280736296	0.123107004513811	1.36333193367815	1.00838419521327	0.389718650334397	0.356102586602557	-3.52819502327335	0.304041651931381	-1.01238131269019	0.620953319007181	1.22539107549223	0.101514421311717	-3.41377707496122	-0.114686041825132	2.48884359513789	0.51379922582127	0.233050890671716	0.438247310015315	-4.19355823166939	1.71529481512453	-4.11043961773475	1.17666394139822	2.87585236964402	-1.60225119667226	0.992599068532899	2.10594824554785	0.00524742808853407	-0.0713489520004384
202835220051_R05C01	2.76096366140528	-3.33633336608352	-3.1517815038061	-3.50770631985021	-5.43315212650382	-1.0563356762605	-4.11469513920401	-5.40502424373541	0.190133855562346	0.112227561881334	0.522289680478667	0.354904591312978	-4.07761864469362	-0.509150173211928	-2.79979413773226	1.69302250364151	-5.05696783100753	-3.47044856620118	2.96491189362303	1.83656347925373	2.02725107473436	0.47516693220411	0.875596212116016	-0.425880478127444	-2.41263236798223	-3.37991793724426	0.315415703285571	-0.126324967671815	-0.416304189466019	-1.26633761263676	-5.1282051770901	-0.119243476238646	-0.150878576407386	1.31432624437091	-4.44641150660055	-5.26919406492934	1.71512342341382	1.42736114251513	1.39149772405732	1.36643610740786	3.20463241186212	-3.64738552211285	1.1045124486	-1.20259466533644	-4.8852189868742	-3.97333451935205	-2.72987979448555	0.0944143371563636	1.52115285320513	1.88924332508491	-1.72501743603396	-0.329090206025217	-5.0994937403085	2.07115838544392	-0.557156446937179	-0.107123263793203	-1.04237847111653	0.553199240504344	-0.86134172727795	-3.18357791503862	-0.513626519850395	-2.87887339935802	-0.0628596504054033	0.236000136798905	1.31213751687516	-3.97418531527822	-0.485234597090134	2.28897621608566	1.66827271287594	0.017827738738831	0.277802185743542	-4.68879654496039	0.972237291555883	-0.449005270625721	0.615323920920983	2.23613140765691	-0.826061353963666	-0.433024117496481	1.1237910204926	0.366261453263274	-0.976242452520569
202835220051_R06C01	3.21165519775273	-2.85657746871617	-1.46172210218588	-3.02097576191324	-1.82049672764414	0.032749994671432	-3.25987663380271	-5.38025104961046	1.27287989080056	2.69021061856842	2.95367555884716	2.36665229255632	-3.3407637544078	1.49879634394875	-3.50707052347231	2.36670033034483	-4.5521181781846	-2.94540142369903	3.88561868901029	3.1730292646732	3.40867686554871	1.69362509223496	2.62250917973595	1.958547022576	-1.11481858125559	-0.491520936709273	2.95033839210025	2.00860111819005	2.09800626640421	-1.15847666760269	-2.5196478055487	0.0135010450286548	0.810671576229612	2.82454807514666	-4.71660009714717	-4.2885159182704	2.52194939632546	0.891370785995618	2.08365150021375	2.31949267897058	3.5172108200967	-0.611263981927496	1.2112811088916	-6.29424742408686	-5.36867986525464	-4.27484659970249	-4.43772844147125	0.278254509130098	1.94212557068597	2.28076794327388	1.78876015749625	2.37175806656672	-5.10222351911214	3.19431082961942	0.10368257738701	1.64129613237829	2.58817959088253	1.89125143556864	0.9744059899111	-2.89924164261027	-0.732541274141252	-0.980669571799037	0.030194544208222	1.56585189901058	2.68495520230176	-4.13748660560697	0.627951705470991	1.6825705458121	1.77469343698219	0.902666292025958	2.01352108981171	-4.69272470071768	2.12315077342518	-3.94171006604036	0.634466002843525	2.79250288245311	-2.70811699636741	2.31177297485785	1.15684398622562	-0.00563303046911279	1.00872481744614
202835220051_R07C01	2.92468246724955	-2.69750896675913	-2.25954863539832	-1.0818879361857	-4.44598338694858	-2.39889444240114	-2.59864801005889	-4.94410056831391	0.971965978186693	2.60319995022894	2.0067578873236	1.87513655936122	-3.2312803048588	1.35524284097696	-1.41302774592774	1.35547734649949	-2.66635512022814	-1.39737960337967	3.2844586559422	3.55975665852522	2.33881624647776	2.11662088460895	2.425967720633	1.16065857364061	-0.84051030652442	-2.43198789770937	1.8163862416586	0.663357136770565	1.31261714526705	-1.29385582509769	-3.96412692995906	-2.99016526981919	2.44078023813015	2.19484409381704	-1.7098833217054	-5.39550467569483	1.84221444851902	1.05905934273304	2.19571906598955	1.47220275924074	3.03555525422187	-2.29356917642943	1.0553904420634	-2.00338300803907	-4.20023796001325	-1.60626481308765	-1.39341919109635	2.19695046090717	1.67748707309345	1.57880737626214	0.321969759418663	1.68680703331073	-3.01125974067235	2.09908381154945	1.11529067924288	1.69278789132205	1.95282064067719	1.39806144678111	2.28282366503354	-2.1265119566873	0.952612717023657	-1.4240662559119	0.931596638093047	2.24648974732895	2.87634273365545	-2.01636895841149	0.289045418375056	1.87228082688914	1.78075715497145	1.38968517803015	1.7977235425119	-3.9024348755779	1.79926033771258	-1.1419559905334	1.86804087969256	2.30487855876525	-2.75768813401344	2.11136240324825	2.33421957713494	2.23172083618135	0.713396006762216
202835220051_R08C01	2.98692013554081	-3.34558540697199	-3.13052589864791	-3.27125895425497	-4.27078612104453	-4.26459136237223	-3.14394407580506	-5.39320558737802	-0.0936439955264453	-0.275100287197574	1.99492320300077	1.49381891142118	-3.03826703909889	0.0146662700829797	-3.12430640616137	0.0400024796032282	-4.63397423910796	-1.02795916748418	3.25253006753337	2.74956396375287	2.52014983296881	2.01685822606421	1.6198892658626	0.218883047852031	-2.93309352665471	-3.2513649367977	2.92637726575123	1.66687209724164	1.0076367065034	-1.81329400173274	-4.36955559992026	-2.84142492397562	0.066938404821637	2.05054656505543	-2.64503347165419	-5.23453392917887	2.82293357327915	1.61179770293605	1.17870344839025	2.38456807637626	3.82831776157797	-3.59549191879811	1.0003488633527	-6.3238112958774	-5.49591096149904	-4.10992264412966	-3.7700902019001	0.0336646249323578	0.627751913518919	2.71725958584239	-0.763328176296988	2.62832779466134	-5.35875497003386	2.8369999765488	0.741612196173185	2.18879541817786	0.765298570782719	0.561738111502858	-0.121449841272182	-2.96810700946458	-0.985823121444605	-0.952576571061028	0.298332895982109	1.59338293504269	2.1307218035339	-4.44663468138391	-0.0374893858545218	2.8705494131269	1.69680411542716	-0.183275518679194	1.56825092257901	-4.52768386643724	0.510535667686128	0.255215397375462	1.33386359624337	-0.254394394552675	-3.76474380726603	0.906784109649059	1.77686839771658	1.0721478935056	-0.642783661826931
202835220056_R01C01	0.395511655690865	-0.478111592196322	-0.0509435918458715	-0.304009726303605	0.832833985092758	0.717137633633398	-1.09008838498474	0.702089235595135	-3.22015249870397	-2.88165679938994	-3.14508313084323	-2.42060642468872	-0.419608680301681	-3.1977671666876	-0.340805461661479	-2.48179418221356	-3.15104737560676	-0.373057308957956	-0.933983212229466	-2.66317318343575	-0.175112284072129	-2.91859438866688	-2.15135534178518	-2.68589805918162	1.90744090433037	1.57485573814613	-0.927493176797237	-1.85359463036412	-1.79547840828736	2.22331919036836	-3.80167951084502	0.0718497792521211	-2.86490487904445	-1.65127193128416	1.18481546214181	-0.865844187053219	-0.853084620467334	-0.540809246851044	-1.48494486257171	-3.19783944150684	0.441094393456389	-0.655140389684047	-1.58109838631113	0.263023244865189	-0.105288907708208	-0.753105777377998	0.779424035536013	-2.2268216739693	-1.74675316309533	-3.00355603903527	-2.92952783897482	-2.8905487718101	-0.383624895443146	-2.93147796434211	-2.17766324272397	-2.99729812049027	-3.80476086127274	-3.04045088647485	-3.57200424109925	-0.707649810428494	-2.03790167026787	0.911950358580316	-3.34944538907193	-1.90580413780628	-2.81488124377564	2.02716972806216	-4.3285721747083	-3.1856217683126	-1.47947674016579	-2.41947599282372	-2.2937822636904	-0.846683946273846	-2.94071919710948	0.36648101198623	-3.79950128914282	-1.7540799660851	-0.177654725455089	-3.43567913943744	0.308150270288888	-2.24766323425051	-2.89611062948945
202835220056_R02C01	0.238608512833042	-0.00963185990050131	-0.0271363746122382	1.35615523716535	0.58088063670874	1.50096358538628	-0.140192985920616	0.793654511831055	-1.6326184920243	-0.921921409302853	-1.32352948344545	-0.397487418786153	0.952256105553237	-1.49754694547922	1.12505124413524	-0.350171971772945	-0.529532711629555	1.06730266861086	0.297187562994103	-0.00662630223004712	1.22880784473396	-0.579234212097445	-0.0643269602782713	-1.3237159257226	0.354803656958006	0.770093146756145	-0.346640503688068	-0.761887443487434	-1.05463658695281	3.50936046129074	-1.62807017876415	0.686296653407714	-0.644670375593678	0.402712723024494	0.63533321176171	-0.0873953396889584	-0.177959414061255	-0.569761291654651	-0.618574869093553	-0.598040235145799	1.29397644379673	0.709942836693721	-0.640650993399822	0.314440804409508	-0.420278948363251	-0.0669141380253984	0.345397994235702	-0.773528888091842	0.119673337067876	-0.303356601045317	-1.71464629333678	-0.31746906963419	0.311400467317107	-0.884122066415521	-0.600892144287855	-0.807784770997894	-0.816099135309236	-1.22592235266571	-1.03518795526162	0.343795540864888	-1.19768471259041	-0.232375178370416	-1.69513074497753	-0.506758130590705	-1.01146980574965	1.59765110592626	-2.17945466682446	-1.65264031945618	-1.51913941461659	-1.02779246901902	-0.935776342816922	-0.586996912078214	-0.371959664439804	0.859681467757966	-1.03883986584114	-0.252861081855755	0.542609846764326	-1.52827730989442	0.0286418612325435	-1.15146212027713	-0.376909505627085
202835220056_R03C01	3.19932579574807	-3.7592883103004	-1.53135090980511	-3.64664155891358	-4.62415422702725	-0.925361917184514	-4.23725585432247	-5.81023302982816	-0.651431338073494	1.97586005279933	0.527873748999709	2.82349931332186	-3.99717675772412	0.674591279300221	-2.15992529344285	2.21140405117499	-4.35430637761003	-2.25828811788275	3.58247764918564	3.47749744795067	2.48143682454629	2.44786135415471	2.11729435349019	-0.0492828246528938	-3.14777769684989	-2.81350598184337	2.27528926161101	1.59661789832188	1.44918658624589	-1.21430947167809	-5.04595936709361	-3.46050774714638	2.7210126259733	2.68602408828935	-4.40256066357972	-5.36223474507281	2.67679718261836	3.277093831028	1.44209973360019	2.49814039677434	2.57508859021674	-3.48844642974135	0.0111788735909348	-7.03453149227873	-5.34411726254329	-4.67470038973363	-4.57605331494936	2.86210398855001	2.54624398853525	0.756957088783396	-1.21454571980794	1.18797699312156	-4.98262508483623	2.51358564728171	0.780117424259386	1.33474192409074	2.54550610394636	1.20963625280771	1.87726580019383	-3.32930350725003	-0.307256787762121	-3.25300261659904	1.66404392294003	2.90195612764884	3.34566341086802	-4.58003697719306	1.06530108893027	1.58680906144508	1.45585908532638	1.0234685380751	1.76529939443916	-4.20677964972549	2.31703328280368	-4.36598794039549	2.49363714915806	-0.0102802567516442	-2.25508884520066	2.95042113947568	2.38884713043595	-0.551093135792245	-1.20605141190238
202835220056_R04C01	3.09905629060537	-3.61464534362049	-3.21032737643663	-3.46198635252368	-5.50989004048746	-4.01587280329517	-4.75522927689994	-5.502226658163	-0.013550358246403	1.14751040898193	0.809248841440525	0.330732555521164	-4.62276434141855	-0.640402084464974	-2.06705442195645	0.676950253483601	-4.33775346985394	-1.92879016735325	2.22980225210734	1.80734553003316	2.31266866877451	-0.0842896665812387	1.58392666208995	1.0836183613079	-3.12423170529513	-3.67519618463278	1.51251262665009	0.869201865741829	0.797603085722581	-1.3378210961832	-4.56061876729704	-3.95586272800305	-0.324732743385281	1.03950968800092	-4.90496764702007	-5.53681764398072	2.52631956224654	1.89579517949716	0.446809140804937	0.928279396987634	3.02411293700747	-3.63179444382855	0.887379449789544	-6.75597326177229	-5.54938144510405	-4.75940936040241	-4.59060215243394	1.146073863811	1.27852280502551	2.17864048661464	1.00510943230849	1.71729350899352	-5.3948509042959	0.153331538226768	-0.650655539613176	1.30941370414436	0.150697876268631	0.748361574059992	3.6242421501608	-4.4552888535821	-0.297744998441875	-4.01134131191582	-0.777686362034616	0.628948413560634	1.35316760938257	-3.12930139577692	-0.804082410266761	1.86074497397191	1.79439425877882	0.393949768059143	0.299337896244446	-5.05717043788925	1.93558164401527	-4.19813113264328	-0.309189709931271	1.32688390483733	-4.28560552162294	-1.09352171644455	1.5493124700282	0.273524846992275	-0.053695475134789
202835220056_R06C01	-0.749301095475003	1.75140872469291	0.0525778567909564	2.89844679467668	3.68124100312622	4.72785850235231	0.459015354145976	2.27663419155164	-4.03492580977228	-3.53460742923769	-4.40006081828036	-3.31784197662269	2.4642747355336	-4.11353475856629	2.68656457835494	-3.49100817118505	1.71581368671657	-0.139044196041512	-2.50485123770375	-2.8170543620744	0.28808995523159	-3.33096811758284	-3.44672715497081	-4.53907452345471	2.71529592186998	3.68221009950246	-1.17909624148205	-1.25690735963119	-3.16516898812542	4.29683792833675	-2.29222538900596	0.389903300344387	-3.65878541790749	-2.67555199940074	2.90872222625094	2.59053312891533	-0.765323247162324	-3.4663521792571	-4.38716175789413	-3.86943944824613	-2.07621910918511	3.22867890179109	-3.64958104650099	2.04569469449338	2.52696186508749	2.12504480784687	2.62712839093845	-3.30688259779095	-2.88953520631048	-4.11434012442044	-3.62954654796259	-4.20095429804973	3.23084025765827	-4.29439531494257	-1.68997283950488	-3.86585550184552	-4.56223449480935	-3.0395991383585	-4.40375419137794	2.20126299872744	-3.65350116164164	1.33496540656135	-4.32024028142056	-2.38401214758487	-0.98800087184892	3.31757109673761	-5.37084019910716	-4.51470014382481	-4.26121716584261	-3.27072591193636	-1.23642240457377	0.107727483280107	-3.75670170817574	1.8595347912775	-3.89707825317051	-2.86112548572933	0.703500973952696	-3.45333375296996	-1.09591171352445	-3.09810300139485	-2.96584465378672
202835220056_R07C01	2.79232581001027	-3.36442334988403	-2.90051284134731	-3.06651177193766	-2.57286295992937	-3.77285790874333	-4.17924157938605	-5.65049688552229	0.400376610910257	2.09036932452124	-0.010472876598522	1.07313173486582	-3.97064199725951	0.233986308735098	-2.63837982355769	0.901727482321789	-4.76264059217135	-1.16989959212982	1.7739667266667	2.51080561274816	2.54154856307176	2.21705340708647	1.07422751260966	2.06915624026544	-3.62797953293146	-3.42019160376979	2.62724267172749	1.13341572194387	1.0051631185108	-1.59051610959476	-5.11980008824487	-3.85067481229544	2.30915897037818	2.79314952721117	-4.75040972901501	-5.71013976277383	2.39584624861965	1.52693482899647	2.06415899604935	2.18685264746826	2.21870979922296	-3.99196466412741	1.68315942108036	-6.60890408521198	-5.50026700518286	-4.81647602993588	-4.88089528623328	1.93985246820193	1.69086047805898	0.874080950510258	0.138216601292624	2.68471207719613	-5.05776757372391	2.47008762190584	1.6856144787581	3.13166337141251	2.26411385767595	0.389321139485709	2.51483586914224	-3.87628927918964	-0.330338185334445	-3.84654696993263	0.546493500189002	2.03494681119652	2.60099187596315	-4.50172832575552	-0.160692571639902	2.33501913866314	2.36291552422086	0.898357257698217	1.11518329405977	-4.53536219527197	1.8158774171682	-4.31003169164814	2.00229596029692	2.49676005599523	-4.01192825282944	2.03314986926931	1.77274358631271	0.843388027321271	0.394589195920055
202835220056_R08C01	3.16837087327567	-3.81222133610078	-1.37375876968952	-2.62795080643254	-4.31178499885911	-3.48751580903651	-4.25505654109206	-5.5536083988386	0.238585645190319	2.50155861026436	2.14325425701762	2.28815018196304	-4.21159690514075	0.202159142321727	-1.75287598592532	1.40866329925791	-3.99176011761935	-1.58699243110639	3.00707017580092	2.6447492157962	1.8876649885031	2.26365605724967	3.04191906349459	0.733438861195192	-2.74001658236959	-3.14480407548781	2.52605413970799	1.31019668404048	-0.189540334776117	-1.52578898454301	-4.7135476750885	-1.6359778642991	1.85493058524584	1.4344696692392	-4.09328944676773	-5.80690372029391	1.82626765398474	0.603472386444529	0.924034243781918	2.26997688935641	3.3334898374861	-1.46103549840832	0.235145012160355	-6.18558742273758	-5.63243639576887	-4.63098444794396	-4.3495498183886	2.1658568533392	2.26168649611016	1.69038520842244	-0.376905026121918	1.58347592063841	-4.84410723666308	0.989055863404481	0.25630575966345	2.25030348343214	0.93691903898637	0.536480939140797	1.38411724938683	-4.41252723099143	-0.17620162820866	-1.41187750473574	0.643527623839828	1.78071928202205	1.62451716803623	-3.01371151767714	0.184737577734596	0.391596600034886	1.283421263668	0.948462597248385	0.624467897204802	-4.76385216855454	2.42573223722279	-1.08356776208613	2.36758630023824	1.44254484839248	-3.74801272027866	1.67885954303902	2.37632643304438	0.837063987553179	-0.346294705743176
202835220065_R03C01	2.77958213300043	-1.92453189089836	-1.31852026957573	-3.14557074576028	-4.79753278287175	-3.97252803854193	-4.22511367075589	-5.35347085436024	-2.04880181540754	-1.56090201025226	-1.61287097529438	-0.956366185476176	-4.28932248512741	2.67581364559056	-0.937296971858216	1.17666845303315	-4.24324585965069	-1.75865141955985	3.51999763075716	1.05878966878276	2.66948209743131	1.65266166376576	2.02891350245291	2.80791820250845	-3.03931546220334	-2.48901754307262	0.0649296062002551	0.640586817055032	-1.42932524744397	-1.73432166941092	-5.08857790070009	-4.2188903198691	1.25277839208283	1.08476812914283	-4.65447049966789	-5.41468150323827	2.48302617382903	-0.165427670498554	0.41571743418976	2.29102136171175	3.03209253760742	-4.01060644659279	-0.763167327106169	-7.02261432244062	-5.24380429078396	-3.95750023435378	-3.90681401716523	1.69613448220906	2.18612678781462	2.40789790491838	0.434952543682407	1.56643739840275	-4.79829429385834	-0.991918257638336	2.42335709575621	1.98561007860728	1.33024016966732	2.07145885502671	2.85630267448185	-4.51874934499699	-1.08069814049327	-3.84213211128408	2.3053693140257	2.15662148371322	3.45544530804608	-2.98764858596667	2.6684886127091	0.674453895768864	-1.84731723822918	-1.05211001104688	-0.479154925042166	-4.21071701322167	2.21927729902201	-4.13494725359997	2.95252682855897	-1.3599307559163	-2.34351497895456	0.949319238691961	2.96366510444419	2.86747002337778	1.87515669364796
202835220065_R04C01	2.72973024598647	-2.1569478564172	-3.42399698036765	-1.25617135497524	-3.43516890266216	-0.997693776417235	-3.80635441561172	-5.30867498586633	-0.0998230309352629	2.2942692359831	2.36835018891547	2.58307340925786	-3.57241408933674	-0.36129699597594	-0.02459174393856	1.85986636354194	-4.60333031838609	-2.37585299300019	3.33505465326916	3.05203970211381	2.69283348544125	2.22947246051759	2.20433426866064	0.86604118129008	-1.22713496939094	-1.80564523953875	2.83383529522784	0.642655168813257	0.0702445862509328	-1.61529730301433	-4.26500834721263	0.00505613232404845	1.99318186945312	2.56808534765955	-4.56116862213206	-5.61676560978666	2.27371571020707	0.424063893457159	1.93917861594614	0.393723116980164	3.11788894066216	-1.34697294900286	0.892113878952347	-3.50977643077996	-5.21722743011414	-3.97848275406151	-3.33111601272426	0.667299725517239	2.0005839468976	2.41091794052384	-0.384274784589604	2.28266810969728	-4.79006200781624	2.01515303167117	0.2733822573167	1.4430060981443	-0.544199987679118	1.04589990483924	2.9447932909073	-2.42873072755951	-0.404683074737276	-1.63340464853638	1.16458041635894	0.743914342012243	0.397953635146072	-3.10012344938881	-0.978123846618915	0.435775681039997	1.96167059149199	0.510525209222617	1.43016063102456	-3.99458240711624	2.72900773617977	-1.33598221051666	-0.581043304096011	-0.524369856386657	-0.623458001918248	1.5424260120711	2.47650627621874	0.6288269046904	-0.143042635374199
202835220065_R05C01	3.11845194140272	-3.19009881321018	-1.41713796350077	-3.15563973332256	-4.25083604658879	-0.19194273040211	-3.96758124915279	-5.04908711273357	-1.03000739690978	2.3510592080443	2.63916967778832	2.10585015223613	-4.11909183075723	-0.0114500642273393	-2.58084446639166	1.23197638689779	-5.0587196334377	-1.01281245651716	3.64228991082817	3.30655978136909	2.75480156449443	2.3780172977813	2.34953017443884	2.36742403892133	-2.18610224824885	-3.91890113204845	3.07640322428716	1.33940800157098	1.12673013067617	-1.57054168888974	-3.88032045628476	-3.92115101132789	1.23887680056427	2.49941794541061	-5.02282595891342	-4.88767348354732	1.79209943812831	0.527121107121126	2.01575274738513	2.5031686806318	3.38096400176715	-4.00717090905064	-0.0365732998825173	-6.13908328964278	-5.49511415283433	-4.38654898359862	-4.17798191196088	2.6892589278312	1.18269658314984	3.00945549383461	-0.90786174011415	2.55093276423717	-5.16601142614449	0.787138110018873	-0.33134528681589	0.243520940265037	0.958980641241231	0.0188720974396963	-0.408523024515435	-2.02261974612961	-0.67294211021056	-3.05934611849448	0.920521775951755	2.25103740593824	2.68197589630102	-4.17444904191472	1.22119629408555	2.43561431424428	2.05340747899607	1.28630016612216	0.210322754284838	-4.16971238701956	1.89610236105722	-3.45630664964775	2.33171123398654	2.25976231594814	-0.471011089225602	0.422621346147522	1.93982784759672	0.9677495940787	0.412780740210325
202835220065_R06C01	2.35279364025614	-3.5830106654903	-2.02882246874349	-2.77491460241126	-3.58747274421197	-3.16495828562708	-3.86661229367444	-5.55652428678096	0.615259771404737	0.818260658053021	2.43040877384519	0.660412614447761	-3.34656743393441	1.73922742712964	-2.30533860429709	1.56194291467401	-5.14479301684499	-2.95832237836427	1.23431332911007	3.09667718444909	2.83628943560626	2.06673737805092	2.66359087736942	0.0982968174685945	-0.608843945217833	-3.53268464819217	2.34845952777809	0.873827011616821	2.35634136942587	-1.81603784170731	-3.79299050055478	-0.508704875990634	2.77050852438333	2.94251882814058	-4.55050438603098	-5.14161660032379	1.92085247224718	0.904577937979813	1.26545941295905	2.2191818881085	3.62860329032566	-3.49974550068081	2.00437353017702	-5.81222890475585	-5.39288251992629	-4.4086035377678	-3.89648075987787	0.302987559088674	2.27426359439408	1.23991532346626	-0.395971886498643	2.27620555177686	-5.16193115106276	2.64846430253662	-0.277817488097726	1.68908874121599	0.860135913964969	0.191983561625406	-0.0274180527124779	-3.66691275928063	0.212424234558096	-3.31874879134914	1.5469223967977	0.631143317442886	1.994482661067	-3.17202943727972	-0.751121376921498	2.99087797832993	2.21988302133912	1.97088335736828	0.171127855018958	-4.73569599797016	2.4253253684837	-3.49385211614122	-0.800579473347977	2.43685556226433	-3.14811182585896	0.983694920837077	1.90226629954846	0.142990265522449	0.463265606167153
202835220065_R07C01	3.21444886614307	-3.59936409021677	-3.16880395347139	-3.20104693861266	-5.52260007387059	-4.48374285846198	-4.3916966116029	-5.83305664224975	0.804224430282527	2.96394268491448	1.769717390887	1.49448444975331	-4.06438299368861	0.515065188785049	-2.57458417642628	1.12145321979831	-5.42206432680265	-4.53823303573995	3.50307679760801	3.40631889566651	2.72272012118366	1.70650917229438	2.27475645000958	2.74923849691103	-3.47692504759676	-1.03304803149173	1.24116228761002	-0.0219169383202766	2.91580744087021	1.37370378141798	-4.52967188023987	-4.66845865287369	3.16740700010154	3.14882622808105	-4.8166171480982	-5.662054875823	1.65811139106028	0.0903585087165497	2.41054977992813	2.32294978275632	3.39698613985195	-3.6563548771551	2.888642967662	-6.62260462962368	-5.32477085203455	-4.8712479181331	-4.47813407842115	2.72116793143304	2.52799810279948	0.5192033343692	1.53889556265081	2.45247133048844	-5.01326380708083	3.21756783646199	0.466311444100868	2.18865804710712	2.57696348207147	2.08279237809564	3.38253522311099	-3.93664813719796	0.633987585464298	-3.68087329408742	2.51393105892669	3.94200217566586	1.97429079042828	-4.03986016151334	-0.425661628718345	2.02664438399603	2.3695372617067	2.20681336083085	2.42712480063103	-4.69269115197636	2.327622483201	-3.89074891666572	2.19943300946913	2.84139174396082	-2.59946753585289	2.89645601548115	2.95133896528426	1.0255447292919	-0.627066175120167
202835220065_R08C01	-1.00592084249951	0.269085177171767	0.219825068246971	0.329458581126145	0.953305834388544	2.05471766263743	0.163063292663877	1.2398073255612	-2.19285049030636	-1.05754008759112	-1.9810322963439	-0.515531998891222	0.59773122600575	-1.74201856353507	1.35883278613657	-0.817108615320657	-0.356256978656943	0.916425253841669	0.944734649751077	1.24956615059425	0.52694138745483	-0.954896577066463	-0.541474915838916	-1.57357393413619	0.750443230285307	0.922151665448521	0.402333630187635	-0.479407896579364	-1.41158867298916	3.5849510467921	0.475234879554573	1.29606633131128	-1.37364813407762	-0.427392994624047	1.17601479518016	-1.3703720839169	0.0859064836414001	-1.5449646883544	-0.842985268661339	-0.562409763400585	1.76971731131211	1.28912168999454	-1.17524123903074	0.369696598512311	-0.886831614698289	0.0824262587342571	0.352736915259952	-1.39668520204293	-0.211405211562363	-2.475292945863	-1.78913204469443	-0.778465612758134	0.372185504733755	-1.55573839387989	-0.96500007073504	-0.461427898921413	-2.27909169190622	-1.45183590184205	-1.56378789468346	0.742856247957268	-1.76364072548509	0.472608405234477	-1.75014916926106	-0.313479532245898	-0.90393552868757	0.582825657630382	-1.90232878072684	-0.614214875541602	-1.5191309407409	-1.19103008268555	-0.178402692732201	-1.15839824173604	-1.77409754891008	0.965772621229027	-1.12153007131594	-1.5857172510073	-0.0557546513504674	-2.00931584200502	-0.0452331088308309	-2.00386517901599	-0.981825822320874
202835220073_R01C01	2.86615125382581	-3.82317840733356	-2.93315746401854	-2.61635567886425	-4.38188134741611	-4.27812357254322	-3.83786647148155	-5.59859537380917	0.473499809229767	0.651856558673987	0.709051319971696	0.58919302498408	-3.84494411371993	0.719253582483629	-0.202630326956352	1.75319962015656	-4.93428629422997	-2.61386122259946	3.63461914024949	1.79303542566874	2.64002185870822	1.2777256241879	2.39763554007862	1.31936094391452	-2.25438989624291	-3.12086149786975	1.19508097791324	1.39360926976949	0.174565122818843	-1.7790383761733	-3.94443775244826	-2.65143649685693	2.64398453202134	2.83029022442841	-4.44226524097816	-5.46640201520867	2.44779800500053	1.72018851504078	2.09349390708229	2.08677627768514	3.71005800491839	-4.05423906739456	1.42344804921106	-5.24708659814763	-5.33486902401846	-3.59709029582458	-3.60160747072785	1.86657236815431	1.96121824086083	2.08655325748402	-0.218799184089114	2.71073943979823	-4.76410829368103	1.88316515375802	0.707651054593059	0.861025033718142	2.23392894791238	0.384590144051794	2.6627915096674	-4.24560313174371	-0.642024497809257	-1.1857520296009	1.21388900407913	1.07340175729118	0.264052381810416	-1.35034211624713	0.624049837313145	2.71147155284281	1.98613218560891	1.24078874458969	1.104825000708	-4.42450621501974	1.06670150000279	-0.366934551321243	-0.0196734865047281	2.34834822289842	-2.66968492506953	0.944984053266428	1.37240735532027	1.45049920952867	0.370487100582519
202835220073_R02C01	0.906217406189432	-2.86936337714729	-2.47033009633503	-2.06655497203085	-2.1987125180636	-0.467914100660583	-3.12867238147871	-5.27008747361648	1.24523997434543	1.8119510628982	1.28334247153361	3.36925028651531	-3.36656381326063	0.984498665025947	-0.844981837246987	-0.413687463877237	-4.35008043134849	-1.16753180233493	1.93640804146569	1.98775069319503	1.24534299738347	0.301432547708816	0.65351803148216	1.46035092410729	-2.01780965290981	-1.02703163930533	2.33293725278436	0.448697871151667	1.32196201569688	-0.776126699727796	-4.81834527976263	-3.38962818259707	1.85021134544224	1.61282625332176	-3.17050854168954	-5.21210818449551	-0.104717400113768	0.867089398492148	1.93642412976449	2.33137743637443	2.57835705565908	-4.18743934544695	1.97003616926177	-2.68163251027229	-4.86192209553542	-3.58588689815843	-3.54102599009542	1.68146147843622	1.63305585720292	1.16143390328752	0.45190173335152	-1.30632523258552	-4.97876154516471	2.28883267049836	1.51156073857571	-0.224925736337841	1.19350017658228	0.649105969715182	1.88504892505308	-2.99893228817561	1.08080591121353	-3.03059616115482	2.14144442748749	2.20325599180839	3.79135740469897	-2.32443919858728	1.67071786509304	2.2629887203207	0.580041535498541	2.3226367647894	2.29215284303291	-3.56847637775912	-0.744906588167162	-3.16106974356442	0.942490774644856	2.13903459525557	-2.16066610446712	2.98809663790858	2.22089867532772	2.78386711283317	1.28924085459252
202835220073_R03C01	2.68813078530612	-3.83003585291519	-3.85466887315198	-1.23486804032991	-5.37807583004972	-3.79439530281223	-3.98310969555222	-5.74852784192295	-1.45164105979928	0.448588644556057	-0.514786623498527	2.06632103042269	-4.0066405380441	-0.845418841448842	-2.01493665972062	1.72002298757239	-4.82758004959582	-1.41555565543311	1.87741297888746	3.36406310557255	2.86076053494355	2.31197557558382	1.62613271961341	0.52977843625891	-3.574486370811	-4.16574416769791	2.64680864403105	0.865894647208131	0.569306461419291	-1.90121036855319	-5.29923182040173	-4.66565050919145	2.74213532625768	1.09607636666854	-4.69808662524771	-5.72145679909021	1.97421184164772	0.78671808344562	2.15973666167193	0.176006851993365	3.5065458356549	-4.17746628476067	1.16006539406351	-6.94658905857126	-5.31043585302348	-4.25035641690488	-3.90159285466561	1.30736263389211	1.37276160755401	2.34498384013309	1.02347386781093	1.44847508832174	-5.36555359376594	2.37890751569352	0.510884740079403	0.795917864630714	1.92801591044897	0.89178821069898	0.671535603754829	-4.37972988948557	0.184439816260788	-3.61521888905372	-1.33432172337447	2.30851714776775	0.330936688259354	-3.55075570302592	-1.45088398006727	1.23496220253497	1.94926806032987	1.11579820820916	1.68375456028261	-4.49087388264673	0.991535578001103	-3.79379082635947	1.04225935513595	0.800519322505969	-3.46086735812334	1.47720394477379	1.65178894482881	0.592079885423756	0.0345894753827901
202835220073_R04C01	0.147993758788996	-0.20915934267379	-0.884851081410424	0.39686647216104	1.41834884589488	1.69022980413364	-0.7547459598464	-0.298096324642685	-4.24237604334529	-1.45989645174208	-1.92562167655765	-0.53840582028268	-0.884402002152267	-3.52225275551125	0.25137560755211	-2.97849957097885	-0.377033682683389	0.622356665582161	-0.605889064019314	-1.11652646413169	-0.469771952531967	-1.4596260511436	-1.88641163222495	-3.6178874957519	1.29697572941214	-0.0056954618899373	-1.00782304802168	-1.48919600795347	-2.96340219938427	3.04425179767754	-3.68939571655002	1.63401354331807	-2.91391671037343	-2.75376207316316	-1.51892654241344	-4.27217130217451	-1.65236040298456	-2.86599042795767	-0.43734786724317	-0.390045270345392	-2.06683995235996	-0.115269767450373	-3.27028040420599	-0.2911022977965	-1.47755316681704	-0.627733870875548	-0.357311992177209	-1.95235899160091	-2.92623042677979	-2.45805473674502	-2.75624303026705	-1.84994764751193	1.79515343166948	-3.64186356504264	-1.92740154125714	-2.14931992133014	-2.25674057590259	-2.65884341064564	-1.82588345108316	1.47134119657379	-3.40303406240364	1.33873271413541	-2.71046378274669	-1.12763064619368	-3.33789826498059	1.89129823170193	-4.31462610721014	-2.26850230377899	-3.20591306154333	-2.59789845901441	-1.06209132991338	1.87904300478842	-1.9208213568963	1.41365402190168	-3.21672400254299	-0.995448755995593	1.49059883051335	-1.55528778895801	0.0995264287234661	-3.66777255269615	-3.30018550854838
202835220073_R05C01	1.14364990628193	-3.85624548284139	-2.73569473023282	-2.96580488429364	-5.15028868132697	-3.26956990266485	-4.21096874208665	-5.64718976268	1.62494413513438	2.65712392815403	1.79628664882186	2.39813777187284	-4.35705610380293	0.2442493774103	-2.53604837817841	2.20932984147845	-5.21076895636053	-3.47060141834651	3.54010845210024	1.50946588494985	2.29877718464205	2.3412187968677	2.93886598757138	2.00726028908998	-2.56073223137305	-3.15576301390172	2.3769246270948	0.926072514724008	1.07384643732514	-1.72674295341632	-5.14262418030821	-4.23849187454229	1.88378097412835	2.38635988125586	-4.78170434089401	-5.82317804131296	2.06097657575158	-0.0890808048094988	1.9561352457687	1.09720764447343	3.24134575190113	-4.45327519982304	2.36005929102981	-6.4241838156397	-5.31526806334098	-4.2664296521767	-4.00573207268016	1.88532750934024	2.15824620357942	2.65169337138025	0.922413102830231	2.25217368433429	-4.90499754277764	2.41543740080649	0.129622301193453	2.80272505081274	2.72639180563832	1.64261377364283	1.24257962907453	-4.20264061911286	0.00866366726681511	-3.49841659728081	0.582998851977978	2.44870606084993	1.30254343776371	-1.96876114297274	1.13534450689707	1.02535628512507	2.40451839242692	1.45997687967018	0.862033190618959	-4.4229732732928	2.01862119404552	-3.80321759797485	1.20137987029273	2.76410907059864	-1.59231762091105	1.50007407633818	2.42283317474389	0.885155555194586	0.236788694383608
202835220073_R06C01	2.28769436313923	-3.56608647628211	-1.28215778784758	-3.13291120294691	-4.73075038483657	-3.1961199813558	-3.38526673911479	-5.54964972145691	0.669665959465957	0.991502745611557	0.253292993712523	2.10015839055309	-2.81975753480645	1.58984590689203	-0.136598046956937	1.88225635072108	-5.00577607247076	-2.43087546809197	3.43767125177134	2.69988523876039	2.78058183664243	2.25030377289488	0.585682772484391	-0.280152822617989	-2.27052475971402	-3.09754510995233	3.04892107413393	0.45806049893719	0.202535056643084	-1.64305683407029	-5.32269222086382	-2.99657362164003	2.72893631242033	2.99705020706794	-4.33062618424984	-5.65048438120089	2.31007277272305	0.714260295590481	1.90489624780043	2.41831457997585	3.29526453815345	-4.05918262815345	1.69592899167677	-1.43404032319115	-4.60672691211833	-1.15867372953513	-2.12570748488753	0.905341477590444	1.40860545923399	0.353108462917798	-0.644265446241456	1.89847899300823	-3.01989623367644	1.27049841786722	0.577998573033716	1.29131695158443	2.48345511390472	1.31663072627511	0.726240822688914	-1.87401577148941	-0.576486886242904	-0.596065493500069	0.263771166548412	1.03549269773401	3.07024100957592	-2.05172072714026	-1.11471617778751	2.77033328611933	1.94676608524914	0.863904320553691	1.74448113760329	-4.59769684456509	2.44809111425469	-1.4899708206996	0.471390602632763	1.15142204035437	-1.46167553110728	0.77026032779848	2.1349756195003	1.05616020678106	-0.384982155645587
202835220073_R07C01	2.99394259627984	-3.40175322507622	-3.54072086280459	-3.27907395015588	-4.53859409491389	-4.13234104371106	-3.53525274850458	-5.80162503628023	-1.45754444969148	1.78206875028511	0.342459180640649	0.93025335366822	-2.8610580585758	0.799333789352409	-2.7654262394019	1.93972455672867	-4.95054603961512	-2.48830456042141	1.03526348808422	2.98824671705055	2.75900437859376	2.61114036888942	2.15716552789283	-0.328462495957809	-0.546357366122265	-3.26946644534598	2.75211154826007	1.18105992363106	-0.0749104721596547	-1.69111294407432	-4.9482105592146	-3.61600547305346	-0.243160997994768	1.74246435917	-1.05544326171609	-5.55620182105807	2.51242206513123	2.12471886925778	1.54010594895626	2.33643148824542	2.22295482234077	-3.90951984916392	0.407002888993916	-6.10784988727624	-5.40242745104791	-4.21600633807369	-4.52729157820084	2.34322096757349	0.97150769430076	1.25684596033209	-0.193793144601469	2.22348351111741	-5.1102569919409	0.525565790691771	0.76339221146019	2.31712445436419	2.35908133051505	0.843045902112422	-0.540516771855241	-1.27234215129794	0.145646366043715	-1.09808664428344	0.879526833355532	2.6927503957699	2.45813201649685	-3.18478058103514	0.991114101710217	1.47443025356783	1.41651913687703	0.988640321396861	0.294178037992029	-4.01002194015618	2.78271226609333	-0.462070129708062	1.8832614262548	2.22256778979552	-3.43327466986361	0.301014493157402	1.32932659917091	-0.980545567454674	-0.0461283036909496
202835220073_R08C01	3.36982627993574	-2.98051036317002	-1.5134830055438	-3.50798151156816	-5.61488020342408	-0.861021897125752	-3.51111402979908	-5.87415125857667	-0.737314921713952	1.15217319081917	-0.0904023668078061	0.797292306761435	-2.12316872203687	0.504952242733836	-2.26732802331683	1.59925096442032	-4.49220514739903	-2.37320594929211	3.4335435539745	2.97838658459242	2.33990041740152	1.56364405237563	0.567715537934468	2.15927319935643	-2.17449080924228	-4.47461402475453	1.0960416640219	2.42148832032669	1.42563743260074	-0.444632688860021	-2.88621029061797	-3.92012705209084	1.47445986870022	2.13208501579024	-0.632462202290438	-5.42379613522059	2.23297004362764	2.20276705665621	1.38922946909016	1.93363528391488	3.68037504575863	-0.599079993112207	1.08173771626927	-5.79859415218183	-4.88155944257142	-3.55758517803654	-3.33397817448584	1.75298101680624	1.77499284539394	1.78782957242106	-1.21140762255439	2.56770415045757	-5.38133437836344	2.23840155681797	0.26032313755023	2.27737637958372	-0.307990166951128	0.480256625032617	0.82732594569003	-2.35473428585641	0.270463178421081	-2.42340471831379	0.790383513854984	0.45403316706775	2.30080925605443	-0.360840317612042	-0.400522043852809	1.41698642208885	2.01686420545838	0.012584958276887	0.969505434979752	-3.90817853626417	2.32235626804155	-4.01810806916485	1.23257108960495	0.669767285249821	-3.00051071944272	-0.15303156921849	1.88050660786567	1.43024552541877	0.467089845544141
202835220075_R01C01	3.15398383857101	-2.460381521237	-2.91060605799625	-2.68322173623922	-5.1563071462725	-4.31389838506431	-3.88343449127394	-5.14074615034454	0.060523841965413	2.08239464869439	1.83071974429742	0.409529678390949	-4.06610226676953	0.733918685169675	-0.380330754425453	1.71020210224092	-5.0776344248678	-2.08276480901728	2.89184868263897	3.31671508133236	2.45058865181352	2.11564713895778	1.82069193339971	2.07085323492703	-1.4095432311427	-3.3706861560572	1.96380816903676	0.927507816138946	0.38053651857923	-0.519642623905401	-4.97725846040596	-4.09487054145128	0.589917854413479	2.5842640758273	-3.27335329437374	-5.74311359431333	2.23123978723052	2.1057209314059	1.81085554632808	2.25236795580493	3.74605546575014	-2.65868350358007	1.14424479825798	-5.93739826139562	-5.19479938712663	-3.83536414057797	-2.8326042827962	3.27120949608842	2.43209707108328	2.79684410168134	-0.316624681772902	2.59254764657298	-4.76374158871899	2.76884220635493	-0.0198116150628646	1.78940088916781	2.11801431701426	1.22874891774364	2.42810672707133	-3.65324376157341	0.477731091519755	-2.98165834365342	1.52237785089474	2.34130511441349	0.377626268373398	-3.62392703635609	1.63177110677425	2.70050089118243	1.83067536230994	0.720729260133746	1.13935870332466	-4.08919832921339	2.55603636435963	0.208412352091228	0.662537112216177	2.35874865540223	-0.363417542531659	1.70303563389559	1.99819189089386	0.723017425951307	-0.12161380902407
202835220075_R02C01	0.92794783560348	-2.02678728473239	-2.33081829246464	-2.03572589260672	-5.02335354617088	-1.72553995134762	-3.28044762242502	-4.51960270449907	-1.28031216492711	0.60875210401439	-1.1718146271911	0.133919488699744	-1.27836420170479	-0.19032499647405	-2.2300776217017	-0.374270116101955	-3.87933471037111	-1.97621751292733	1.13142461976516	0.92701709369006	1.04244845543629	0.223964137759796	0.531444026664993	-0.521551023594701	-0.782639381967082	-3.41364281828633	-0.135580067405972	-0.662399796563911	-0.695996994605395	-1.54144370643939	-4.04673006019192	-0.246438011115265	0.634724559578275	0.968074074661001	-2.65175981478223	-5.2882274831957	0.424936908678543	-0.0293264458910011	1.19962751061717	1.25697850322164	1.21108499610115	-0.601300067287502	-0.253804720502978	-6.29270404925789	-5.22340519572014	-3.70826653545876	-2.46572932743492	-0.475470570868115	1.16921281296742	0.970094467182742	-0.524030074524855	-1.15142188228418	-4.72965831689799	-0.613974854990045	-0.0485020748996001	0.317485348408348	-0.200184006424005	-0.224282000643552	0.425851623008491	-0.0683810692360926	-1.27004857295684	-1.42503089997155	-1.16819925541238	0.396064062784107	1.45313977334669	-2.18747678847698	-1.31443311641576	0.297479715275983	0.294732842609715	-0.835379459403536	0.215165864577107	-4.99008408075983	0.484472975233176	-0.191565938244356	-1.33534651411032	0.850790808544515	-2.43437255655478	0.147230197086224	0.319396242060676	-1.06571700119214	-0.25626121563662
202835220075_R03C01	3.25462743160734	-3.09748382605881	-0.864818892138207	-2.39010531405928	-0.821546200997279	0.0725829671277609	-2.88832280023951	-4.34900077315364	0.141624454212461	0.84057993045186	1.25645333397101	1.27005339671607	-1.80766547502093	-0.133853339380934	-2.2220326411829	2.09041366205177	-4.86847611709738	-2.38411004981277	3.58512939472062	3.08690421594457	2.49121534213618	1.39469933258988	2.59261267169259	2.12128909860305	-0.473966185612993	-1.25328920979638	2.4829897925524	0.143028957833301	2.10233536743533	-1.56847011279057	-4.74736262506444	-2.32101468675246	2.70775435401237	2.5627849453868	-4.60010383259089	-3.16090805099635	3.11937735539938	0.845926446262203	0.879420905909056	2.02796605767622	3.71003265018118	-1.49576187843305	2.09086468282899	-6.81400223646534	-5.32259597977178	-3.71454593264204	-3.77016647804496	0.691800213773687	1.43670608443655	1.32253792222272	0.151757532019237	2.15074781375566	-4.73881787695272	-0.609744737737314	2.1548290867068	2.47661582803954	2.04915907867478	-0.427060200881115	0.760330824826193	-0.245349714200131	0.0279861238047987	-2.47372317831848	1.25834835094782	2.58822345133047	3.14009798054332	-1.1893078592783	1.74297425348503	1.96866455018358	0.878353232319585	0.516227265421869	0.234584479111339	-4.00740359728387	1.96482150148905	-3.62304121259151	1.28955175412317	1.0021244032389	-1.70110048103149	1.85782187881745	1.24465635861164	0.554722294522124	0.406961690689834
202835220075_R04C01	2.76598687574951	-3.09482801542399	-2.15728654054139	-2.92687802682978	-1.02347199034932	-2.96018704581899	-3.10611530565429	-5.58894620879729	-0.513948803116299	3.00140606126275	0.477730395163584	0.998032399269349	-2.46805981583335	0.563392216729497	-2.56876330757907	2.56679706110265	-5.10433139302704	-2.93005914575882	3.34772671608871	2.97427996373379	3.0278132723772	2.31247518528748	2.34871565237838	2.51763911166473	-0.898361122928638	-1.77584641711212	3.14332961250094	1.12379411401701	0.997350959148932	-1.45077229559666	-4.70489753108676	-4.21109881273822	2.19036521191457	2.70259120580321	-4.44286253726423	-5.26321961539416	1.70974697555578	2.57847920163604	1.73961685551182	2.72085510685317	3.56248739336506	-2.41404627940297	0.316534745788074	-5.59252226228433	-5.31929336231044	-3.64729571451972	-3.63439632170388	0.837303767782495	2.52020154519534	2.86586444231173	0.0849651087287917	2.08638581836649	-4.86676847852854	3.51608082416445	1.64180500924656	2.17539090206146	1.58573674180988	1.05958373313633	2.94618911413746	-3.18068179850263	0.722924399320999	-0.444641250225496	2.46811410885222	1.77963133837999	3.28071219179102	-3.43816410392826	2.07493086138238	3.19603523967227	2.35606806490088	2.33320294662756	0.883345877868305	-3.93510049052823	2.35420270303555	-3.85652664900622	1.03503725961759	2.9346878110166	-3.15177520412231	1.63633329098539	2.31670566519954	0.161812866689707	-0.34645341669512
202835220075_R05C01	2.06051838099103	-3.1886586357611	-2.97033048872003	-2.80728413727384	-5.07969656291957	-3.61575883079557	-3.53768570714398	-5.57885655797177	-0.516272118535528	2.49668214927436	1.03009487855824	3.53519963533849	-4.51593897365113	-0.239066404466142	-1.64935368149523	2.44823200327165	-3.87051081052967	-2.14520231142127	3.61231488882932	3.51578033999501	2.52090729398692	2.63033622433572	2.91662887880746	0.0167430266846764	-3.18038452505915	-3.42555902597453	3.46377693170904	0.861011833137784	1.30879407102808	-1.64597675902466	-4.66557181551964	-3.61919488887506	2.31009578197016	2.59740176631176	-4.78007782293894	-5.71189023334363	1.77544576706229	0.926611100413231	1.20181726215882	2.24880789636618	3.48702561379921	-3.24568360120891	0.552875165616052	-6.11910463161996	-5.18563595684733	-3.92421672551162	-4.06780249178908	1.98214151979472	3.35710763774365	1.79436658945756	1.11194612152657	2.01120627609328	-4.07296213408307	2.40538726214495	1.0783133326485	2.15638535289941	2.2418810840588	-0.0749606270686664	1.79929230822365	-4.41553981727903	0.277325470236837	-3.88148471698434	1.45636249570941	1.74073266731224	1.28318998240153	-2.2912469497276	0.68251068337595	1.69893095571228	2.38905546834466	0.0660009636806305	1.94669328033054	-4.18393800521893	1.84419620306348	-3.8002052971214	2.14056350120603	3.2321073026688	-3.84010092169088	2.86059841041745	2.05502700490138	0.181545105324022	0.59473723643988
202835220075_R06C01	-2.04727303867592	0.635733647535297	1.10992210416958	2.03706151137853	1.8389906674943	3.38835935179811	1.04335104726691	-0.232118604100944	-2.64967339787447	-2.04209589688058	-3.28667115267904	-1.46148011439324	1.94652151212324	-2.82384372493552	1.40799519452577	-2.54417759114576	0.674027721518278	1.6808521444222	-1.47361544190728	0.191739463852763	1.08857241887252	-2.59128511884419	-1.59776403810651	-2.82848845127549	1.59289312517792	2.23483277701321	-0.638238470131369	-1.96941980277778	-2.09138019435035	4.13171757466773	-1.7634163141377	2.59626356367773	-2.09832179226089	-1.46716245802429	2.49149396985077	-1.16941227226761	-2.46976999932853	-2.73036256353019	-1.74584117616139	-3.40963767222248	-1.99291393399017	2.16718305723362	-1.68528253160401	1.08869517700576	0.6865109379481	0.849778645561216	1.12436595749515	-2.34910990561066	-2.03729017704998	-2.79714064140069	-2.50045604747727	-2.47526817013695	1.19992307325912	-2.66288318931612	-1.09911334692805	-2.79123989329397	-2.93276533170865	-1.43145346046422	-3.13233637851222	0.954794842624166	-2.09415489313917	1.0797519453879	-3.21486360192614	-1.69246503938798	-2.39141416076982	2.29797861270783	-3.51851341311595	-2.19006055282121	-1.68676275583914	-1.82113836315308	-1.91638478877731	0.159852012207986	-1.98246190563483	1.26765400804302	-3.06949636155385	-2.59752947306879	1.26394958072431	-2.15952200643086	-1.73365328285659	-3.19372644783383	-1.50056352538015
202835220075_R07C01	2.74850147944942	-2.65201936395937	-3.04809949872042	-2.41820346898465	-5.07737108246334	-4.31787026076783	-3.60076006006331	-5.41580698872843	0.97269197633829	2.36340777087843	1.93913057840083	0.790989214485022	-3.91363788489893	0.143253287491917	-2.70568652378775	1.53710877693856	-5.11946158079956	-3.75290933659331	3.30079924339858	2.92332931392013	2.51077473946724	1.30919861109779	1.85198585058386	0.406836489410119	-0.508397689694347	-3.51349720733602	2.57912977175499	0.421260882963355	1.7909766047931	-1.57629645068872	-4.56251218375101	-2.7536365559379	0.329474065304864	1.99052075532573	-4.3678884854201	-5.45189197596064	2.31424049994931	1.73209407431837	1.95349920910754	1.82099957177445	3.42174121849805	-3.85891906652077	-0.249698982153442	-6.51338927132489	-5.35616572559628	-3.74160549948041	-3.67460637455526	0.937771073452005	0.537131174892295	0.327341671248865	-0.3170258862672	1.99702787274331	-1.19326578021642	2.64108751062905	0.628108524318584	2.01941808639913	2.13445655704076	0.887735706841417	0.798855432618038	-3.59938908046685	-0.848995611665998	-1.19127319482602	1.64747997102525	1.19965068098124	1.04826311099902	-1.76472541671825	1.05639033537599	2.40111640795921	0.523291477854027	1.16701119159408	0.316042515614805	-4.07674423419777	1.00905393796723	-3.43350084928457	1.31468238323339	1.99934764319987	-0.873646585779976	2.15378153936632	1.76278432338388	1.19233739006012	0.111606226605191
